{"name":"e6408dce-58ed-4551-8d48-bc7412b5b7b2","id":"/providers/Microsoft.Flow/flows/e6408dce-58ed-4551-8d48-bc7412b5b7b2","type":"Microsoft.Flow/flows","properties":{"apiId":"/providers/Microsoft.PowerApps/apis/shared_logicflows","displayName":"Extract Data","definition":{"metadata":{"workflowEntityId":null,"processAdvisorMetadata":null,"flowChargedByPaygo":null,"flowclientsuspensionreason":"None","flowclientsuspensiontime":null,"flowclientsuspensionreasondetails":null,"creator":{"id":"3b773711-1db1-4c26-bc26-76b6cbd2d97d","type":"User","tenantId":"32d6e089-f38f-4df9-9221-060ad5ee3908"},"provisioningMethod":"FromDefinition","failureAlertSubscription":true,"clientLastModifiedTime":"2024-05-29T22:44:24.8464554Z","connectionKeySavedTimeKey":"2024-05-29T22:44:24.8464554Z"},"$schema":"https://schema.management.azure.com/providers/Microsoft.Logic/schemas/2016-06-01/workflowdefinition.json#","contentVersion":"1.0.0.0","parameters":{"$connections":{"defaultValue":{},"type":"Object"},"$authentication":{"defaultValue":{},"type":"SecureObject"}},"triggers":{"When_a_new_email_arrives_with_Subject_Order_Email":{"splitOn":"@triggerOutputs()?['body/value']","metadata":{"operationMetadataId":"2e2ff3a7-accd-48b3-865c-2675df37844b"},"type":"OpenApiConnectionNotification","inputs":{"host":{"apiId":"/providers/Microsoft.PowerApps/apis/shared_office365","connectionName":"shared_office365","operationId":"OnNewEmailV3"},"parameters":{"folderPath":"Inbox","includeAttachments":false,"subjectFilter":"Order Email","importance":"Any","fetchOnlyWithAttachment":false},"authentication":"@parameters('$authentication')"}}},"actions":{"Html_to_text":{"runAfter":{},"metadata":{"operationMetadataId":"b3970dce-52de-4d81-b7f3-9267967f8c99"},"type":"OpenApiConnection","inputs":{"host":{"apiId":"/providers/Microsoft.PowerApps/apis/shared_conversionservice","connectionName":"shared_conversionservice","operationId":"HtmlToText"},"parameters":{"Content":"@triggerOutputs()?['body/body']"},"authentication":"@parameters('$authentication')"}},"Break":{"runAfter":{"Html_to_text":["Succeeded"]},"metadata":{"operationMetadataId":"174472e8-d033-407a-ae62-78929e9d4ef3"},"type":"Compose","inputs":"\n"},"Initialize_variable":{"runAfter":{"Initialize_variable_bodyArray":["Succeeded"]},"metadata":{"operationMetadataId":"f83c024f-c916-4f63-9841-6717b5955227"},"type":"InitializeVariable","inputs":{"variables":[{"name":"orderId","type":"string"}]}},"Initialize_variable_bodyArray":{"runAfter":{"Break":["Succeeded"]},"metadata":{"operationMetadataId":"6697bb76-522a-4a86-b257-34b0ee30c3cb"},"type":"InitializeVariable","inputs":{"variables":[{"name":"bodyArray","type":"array","value":"@split(outputs('Html_to_text')?['body'],outputs('Break'))"}]}},"Initialize_variable_orderDate":{"runAfter":{"Initialize_variable":["Succeeded"]},"metadata":{"operationMetadataId":"daa3e704-ff86-4f32-a780-201ff9042098"},"type":"InitializeVariable","inputs":{"variables":[{"name":"orderDate","type":"string"}]}},"Initialize_variable_totalPrice":{"runAfter":{"Initialize_variable_orderDate":["Succeeded"]},"metadata":{"operationMetadataId":"12229e2b-ffe5-4667-a8f9-70398ac269f4"},"type":"InitializeVariable","inputs":{"variables":[{"name":"totalPrice","type":"string"}]}},"Apply_to_each":{"foreach":"@variables('bodyArray')","actions":{"Condition_orderId":{"actions":{"Set_variable":{"runAfter":{},"metadata":{"operationMetadataId":"9510de58-cf2d-497c-83d9-13481be4c7ff"},"type":"SetVariable","inputs":{"name":"orderId","value":"@{items('Apply_to_each')}"}}},"runAfter":{},"expression":{"startsWith":["@items('Apply_to_each')","Order ID"]},"metadata":{"operationMetadataId":"c487877c-7b07-48ed-97f2-e7e52c9e1f43"},"type":"If"},"Condition_orderDate":{"actions":{"Set_variable_2":{"runAfter":{},"metadata":{"operationMetadataId":"2bf160e9-c06e-46d3-b4a1-8cb38c5f3b3d"},"type":"SetVariable","inputs":{"name":"orderDate","value":"@{items('Apply_to_each')}"}}},"runAfter":{"Condition_orderId":["Succeeded"]},"expression":{"startsWith":["@items('Apply_to_each')","Order Date"]},"metadata":{"operationMetadataId":"a1a1a913-78f3-4559-92e1-977bd7dc4b56"},"type":"If"},"Condition_totalPrice":{"actions":{"Set_variable_3":{"runAfter":{},"metadata":{"operationMetadataId":"39bafc33-148b-49c3-a301-a45be90735d0"},"type":"SetVariable","inputs":{"name":"totalPrice","value":"@{items('Apply_to_each')}"}}},"runAfter":{"Condition_orderDate":["Succeeded"]},"expression":{"startsWith":["@items('Apply_to_each')","Total Price"]},"metadata":{"operationMetadataId":"d81d387a-2782-4a2f-93dd-84d2d02a23cb"},"type":"If"}},"runAfter":{"Initialize_variable_totalPrice":["Succeeded"]},"metadata":{"operationMetadataId":"785a163c-2d89-4f88-a60d-a102f4a3ade0"},"type":"Foreach"},"Add_a_row_into_a_table":{"runAfter":{"Apply_to_each":["Succeeded"]},"metadata":{"01EYNZXSPNDX5G6X57J5H2SZQEBYNBJO3P":"/OrdersTableFromEmail.xlsx","operationMetadataId":"5bfce1f1-cadc-4838-940d-90154acd5826"},"type":"OpenApiConnection","inputs":{"host":{"apiId":"/providers/Microsoft.PowerApps/apis/shared_excelonlinebusiness","connectionName":"shared_excelonlinebusiness","operationId":"AddRowV2"},"parameters":{"source":"sites/6bcmwy.sharepoint.com,2a21e3cd-8b1b-4e40-9150-c05cf4efa8c3,ec6ea8e1-b6c5-4b71-bb37-5f246adae077","drive":"b!zeMhKhuLQE6RUMBc9O-ow-GobuzFtnFLuzdfJGra4He7i-68XgLNS7PVz9w0wOS9","file":"01EYNZXSPNDX5G6X57J5H2SZQEBYNBJO3P","table":"{691ACBDE-8BCB-4D15-804B-5C0D1310CEEA}","item/Order ID":"@split(variables('orderId'), ': ')[1]","item/Order Date":"@split(variables('orderDate'), ': ')[1]","item/Total Price":"@split(variables('totalPrice'), ': ')[1]"},"authentication":"@parameters('$authentication')"}}}},"connectionReferences":{"shared_conversionservice":{"connectionName":"shared-conversionser-cdd80356-861b-4bbe-a90c-ed71ba1672c8","source":"Embedded","id":"/providers/Microsoft.PowerApps/apis/shared_conversionservice","tier":"NotSpecified"},"shared_office365":{"connectionName":"shared-office365-8d215eb4-cb92-4d34-968f-53c946cba88d","source":"Embedded","id":"/providers/Microsoft.PowerApps/apis/shared_office365","tier":"NotSpecified"},"shared_excelonlinebusiness":{"connectionName":"shared-excelonlinebu-37b7e4d6-a8cd-497d-a6f3-befabd99f0cb","source":"Embedded","id":"/providers/Microsoft.PowerApps/apis/shared_excelonlinebusiness","tier":"NotSpecified"}},"flowFailureAlertSubscribed":false,"isManaged":false}}