{
  "properties": {
    "connectionReferences": {
      "shared_sharepointonline": {
        "runtimeSource": "invoker",
        "connection": {
          "connectionReferenceLogicalName": "crff0_sharedsharepointonline_7b489"
        },
        "api": {
          "name": "shared_sharepointonline"
        }
      }
    },
    "definition": {
      "$schema": "https://schema.management.azure.com/providers/Microsoft.Logic/schemas/2016-06-01/workflowdefinition.json#",
      "contentVersion": "1.0.0.0",
      "parameters": {
        "$connections": {
          "defaultValue": {},
          "type": "Object"
        },
        "$authentication": {
          "defaultValue": {},
          "type": "SecureObject"
        }
      },
      "triggers": {
        "manual": {
          "metadata": {
            "operationMetadataId": "2dd403f6-a7af-4f59-b0ca-62b1f58b2aa1"
          },
          "type": "Request",
          "kind": "PowerAppV2",
          "inputs": {
            "schema": {
              "type": "object",
              "properties": {
                "text": {
                  "title": "siteUrl",
                  "type": "string",
                  "x-ms-dynamically-added": true,
                  "description": "Please enter your input",
                  "x-ms-content-hint": "TEXT"
                },
                "number": {
                  "title": "groupId",
                  "type": "number",
                  "x-ms-dynamically-added": true,
                  "description": "Please enter a number",
                  "x-ms-content-hint": "NUMBER"
                }
              },
              "required": [
                "text",
                "number"
              ]
            }
          }
        }
      },
      "actions": {
        "Send_an_HTTP_request_to_SharePoint": {
          "runAfter": {},
          "metadata": {
            "operationMetadataId": "cb963047-952d-4cdc-9817-27a36834ba53"
          },
          "type": "OpenApiConnection",
          "inputs": {
            "host": {
              "apiId": "/providers/Microsoft.PowerApps/apis/shared_sharepointonline",
              "connectionName": "shared_sharepointonline",
              "operationId": "HttpRequest"
            },
            "parameters": {
              "dataset": "@triggerBody()['text']",
              "parameters/method": "GET",
              "parameters/uri": "_api/web/sitegroups(@{triggerBody()['number']})/users?$filter=UserPrincipalName ne null",
              "parameters/headers": {
                "Accept": "application/json;odata=nometadata"
              }
            },
            "authentication": {
              "value": "@json(decodeBase64(triggerOutputs().headers['X-MS-APIM-Tokens']))['$ConnectionKey']",
              "type": "Raw"
            }
          }
        },
        "Respond_to_a_Power_App_or_flow": {
          "runAfter": {
            "Parse_JSON": [
              "Succeeded"
            ]
          },
          "metadata": {
            "operationMetadataId": "926fe653-dd7d-4149-be44-857b70b29709"
          },
          "type": "Response",
          "kind": "PowerApp",
          "inputs": {
            "statusCode": 200,
            "body": {
              "response": "@{body('Parse_JSON')?['value']}"
            },
            "schema": {
              "type": "object",
              "properties": {
                "response": {
                  "title": "response",
                  "x-ms-dynamically-added": true,
                  "type": "string"
                }
              }
            }
          }
        },
        "Parse_JSON": {
          "runAfter": {
            "Send_an_HTTP_request_to_SharePoint": [
              "Succeeded"
            ]
          },
          "metadata": {
            "operationMetadataId": "4eb3170f-d5a7-4fc6-a019-35cc540bca0e"
          },
          "type": "ParseJson",
          "inputs": {
            "content": "@body('Send_an_HTTP_request_to_SharePoint')",
            "schema": {
              "type": "object",
              "properties": {
                "value": {
                  "type": "array",
                  "items": {
                    "type": "object",
                    "properties": {
                      "Id": {
                        "type": "integer"
                      },
                      "IsHiddenInUI": {
                        "type": "boolean"
                      },
                      "LoginName": {
                        "type": "string"
                      },
                      "Title": {
                        "type": "string"
                      },
                      "PrincipalType": {
                        "type": "integer"
                      },
                      "Email": {
                        "type": "string"
                      },
                      "Expiration": {
                        "type": "string"
                      },
                      "IsEmailAuthenticationGuestUser": {
                        "type": "boolean"
                      },
                      "IsShareByEmailGuestUser": {
                        "type": "boolean"
                      },
                      "IsSiteAdmin": {
                        "type": "boolean"
                      },
                      "UserId": {
                        "type": "object",
                        "properties": {
                          "NameId": {
                            "type": "string"
                          },
                          "NameIdIssuer": {
                            "type": "string"
                          }
                        }
                      },
                      "UserPrincipalName": {
                        "type": "string"
                      }
                    },
                    "required": [
                      "Id",
                      "LoginName",
                      "Title",
                      "Email"
                    ]
                  }
                }
              }
            }
          }
        }
      }
    },
    "templateName": null
  },
  "schemaVersion": "1.0.0.0"
}