<ImportExportXml xmlns:xsi="http://www.w3.org/2001/XMLSchema-instance">
  <Entities></Entities>
  <Roles></Roles>
  <Workflows>
    <Workflow WorkflowId="{dc593454-b10f-ef11-9f8a-000d3a196377}" Name="GetSPGroups">
      <JsonFileName>/Workflows/GetSPGroups-DC593454-B10F-EF11-9F8A-000D3A196377.json</JsonFileName>
      <Type>1</Type>
      <Subprocess>0</Subprocess>
      <Category>5</Category>
      <Mode>0</Mode>
      <Scope>4</Scope>
      <OnDemand>0</OnDemand>
      <TriggerOnCreate>0</TriggerOnCreate>
      <TriggerOnDelete>0</TriggerOnDelete>
      <AsyncAutodelete>0</AsyncAutodelete>
      <SyncWorkflowLogOnFailure>0</SyncWorkflowLogOnFailure>
      <StateCode>1</StateCode>
      <StatusCode>2</StatusCode>
      <RunAs>1</RunAs>
      <IsTransacted>1</IsTransacted>
      <IntroducedVersion>1.0.0.0</IntroducedVersion>
      <IsCustomizable>1</IsCustomizable>
      <BusinessProcessType>0</BusinessProcessType>
      <IsCustomProcessingStepAllowedForOtherPublishers>1</IsCustomProcessingStepAllowedForOtherPublishers>
      <PrimaryEntity>none</PrimaryEntity>
      <LocalizedNames>
        <LocalizedName languagecode="1033" description="GetSPGroups" />
      </LocalizedNames>
    </Workflow>
    <Workflow WorkflowId="{dd593454-b10f-ef11-9f8a-000d3a196377}" Name="AddGroupMembers">
      <JsonFileName>/Workflows/AddGroupMembers-DD593454-B10F-EF11-9F8A-000D3A196377.json</JsonFileName>
      <Type>1</Type>
      <Subprocess>0</Subprocess>
      <Category>5</Category>
      <Mode>0</Mode>
      <Scope>4</Scope>
      <OnDemand>0</OnDemand>
      <TriggerOnCreate>0</TriggerOnCreate>
      <TriggerOnDelete>0</TriggerOnDelete>
      <AsyncAutodelete>0</AsyncAutodelete>
      <SyncWorkflowLogOnFailure>0</SyncWorkflowLogOnFailure>
      <StateCode>1</StateCode>
      <StatusCode>2</StatusCode>
      <RunAs>1</RunAs>
      <IsTransacted>1</IsTransacted>
      <IntroducedVersion>1.0.0.0</IntroducedVersion>
      <IsCustomizable>1</IsCustomizable>
      <BusinessProcessType>0</BusinessProcessType>
      <IsCustomProcessingStepAllowedForOtherPublishers>1</IsCustomProcessingStepAllowedForOtherPublishers>
      <PrimaryEntity>none</PrimaryEntity>
      <LocalizedNames>
        <LocalizedName languagecode="1033" description="AddGroupMembers" />
      </LocalizedNames>
    </Workflow>
    <Workflow WorkflowId="{de593454-b10f-ef11-9f8a-000d3a196377}" Name="Get Group Members">
      <JsonFileName>/Workflows/GetGroupMembers-DE593454-B10F-EF11-9F8A-000D3A196377.json</JsonFileName>
      <Type>1</Type>
      <Subprocess>0</Subprocess>
      <Category>5</Category>
      <Mode>0</Mode>
      <Scope>4</Scope>
      <OnDemand>0</OnDemand>
      <TriggerOnCreate>0</TriggerOnCreate>
      <TriggerOnDelete>0</TriggerOnDelete>
      <AsyncAutodelete>0</AsyncAutodelete>
      <SyncWorkflowLogOnFailure>0</SyncWorkflowLogOnFailure>
      <StateCode>1</StateCode>
      <StatusCode>2</StatusCode>
      <RunAs>1</RunAs>
      <IsTransacted>1</IsTransacted>
      <IntroducedVersion>1.0.0.0</IntroducedVersion>
      <IsCustomizable>1</IsCustomizable>
      <BusinessProcessType>0</BusinessProcessType>
      <IsCustomProcessingStepAllowedForOtherPublishers>1</IsCustomProcessingStepAllowedForOtherPublishers>
      <PrimaryEntity>none</PrimaryEntity>
      <LocalizedNames>
        <LocalizedName languagecode="1033" description="Get Group Members" />
      </LocalizedNames>
    </Workflow>
    <Workflow WorkflowId="{df593454-b10f-ef11-9f8a-000d3a196377}" Name="DeleteMemberFromGroup">
      <JsonFileName>/Workflows/DeleteMemberFromGroup-DF593454-B10F-EF11-9F8A-000D3A196377.json</JsonFileName>
      <Type>1</Type>
      <Subprocess>0</Subprocess>
      <Category>5</Category>
      <Mode>0</Mode>
      <Scope>4</Scope>
      <OnDemand>0</OnDemand>
      <TriggerOnCreate>0</TriggerOnCreate>
      <TriggerOnDelete>0</TriggerOnDelete>
      <AsyncAutodelete>0</AsyncAutodelete>
      <SyncWorkflowLogOnFailure>0</SyncWorkflowLogOnFailure>
      <StateCode>1</StateCode>
      <StatusCode>2</StatusCode>
      <RunAs>1</RunAs>
      <IsTransacted>1</IsTransacted>
      <IntroducedVersion>1.0.0.0</IntroducedVersion>
      <IsCustomizable>1</IsCustomizable>
      <BusinessProcessType>0</BusinessProcessType>
      <IsCustomProcessingStepAllowedForOtherPublishers>1</IsCustomProcessingStepAllowedForOtherPublishers>
      <PrimaryEntity>none</PrimaryEntity>
      <LocalizedNames>
        <LocalizedName languagecode="1033" description="DeleteMemberFromGroup" />
      </LocalizedNames>
    </Workflow>
  </Workflows>
  <FieldSecurityProfiles></FieldSecurityProfiles>
  <Templates />
  <EntityMaps />
  <EntityRelationships />
  <OrganizationSettings />
  <optionsets />
  <CustomControls />
  <EntityDataProviders />
  <CanvasApps>
    <CanvasApp>
      <Name>crff0_sharepointgroupsmanagement_173a4</Name>
      <AppVersion>2024-05-11T16:05:59Z</AppVersion>
      <Status>Ready</Status>
      <CreatedByClientVersion>3.24044.28.0</CreatedByClientVersion>
      <MinClientVersion>3.24044.28.0</MinClientVersion>
      <Tags>{"primaryDeviceWidth":"1366","primaryDeviceHeight":"768","supportsPortrait":"true","supportsLandscape":"true","primaryFormFactor":"Tablet","showStatusBar":"false","publisherVersion":"3.24044.28","minimumRequiredApiVersion":"2.2.0","hasComponent":"false","hasUnlockedComponent":"false","isUnifiedRootApp":"false","sienaVersion":"20240511T160559Z-3.24044.28.0"}</Tags>
      <IsCdsUpgraded>0</IsCdsUpgraded>
      <GalleryItemId xsi:nil="true"></GalleryItemId>
      <BackgroundColor>RGBA(0,176,240,1)</BackgroundColor>
      <DisplayName>SharePoint Groups Management</DisplayName>
      <Description xsi:nil="true"></Description>
      <CommitMessage xsi:nil="true"></CommitMessage>
      <Publisher xsi:nil="true"></Publisher>
      <AuthorizationReferences>[]</AuthorizationReferences>
      <ConnectionReferences>{"d1a09835-6414-4574-b71c-20f618a80ba8":{"id":"/providers/microsoft.powerapps/apis/shared_logicflows","displayName":"Logic flows","iconUri":"https://connectoricons-prod.azureedge.net/u/patelronak/specialtrain-logicflows-2/1.0.1692.3734/logicflows/icon.png","dataSources":["GetSPGroups"],"dependencies":["13fed09e-e766-45b6-9fea-71ebeca146f6"],"dependents":[],"parameterHints":{"workflowName":{"value":"6fcda040-2d24-43a7-a85f-84363b163f49"},"workflowEntityId":{},"workflowDisplayName":{"value":"GetSPGroups"},"13fed09e-e766-45b6-9fea-71ebeca146f6":{"value":"shared_sharepointonline"}},"parameterHintsV2":{"workflowName":{"value":"6fcda040-2d24-43a7-a85f-84363b163f49"},"workflowEntityId":{},"workflowDisplayName":{"value":"GetSPGroups"},"shared_sharepointonline":{"value":"13fed09e-e766-45b6-9fea-71ebeca146f6"}},"isOnPremiseConnection":false,"bypassConsent":false,"dataSets":{},"apiTier":"Standard","actions":["Run"]},"13fed09e-e766-45b6-9fea-71ebeca146f6":{"id":"/providers/microsoft.powerapps/apis/shared_sharepointonline","displayName":"SharePoint","iconUri":"https://connectoricons-prod.azureedge.net/releases/v1.0.1685/1.0.1685.3700/sharepointonline/icon.png","dataSources":[],"dependencies":[],"dependents":["d1a09835-6414-4574-b71c-20f618a80ba8","c845634f-1458-47e2-96ef-53d967265551","e68c33f5-ec93-4166-9095-7aa227d5f456","eeb0b9fc-38c3-4f87-817f-8b5b067de377"],"parameterHints":{},"parameterHintsV2":{},"isOnPremiseConnection":false,"bypassConsent":false,"dataSets":{},"apiTier":"Standard"},"c845634f-1458-47e2-96ef-53d967265551":{"id":"/providers/microsoft.powerapps/apis/shared_logicflows","displayName":"Logic flows","iconUri":"https://connectoricons-prod.azureedge.net/u/patelronak/specialtrain-logicflows-2/1.0.1692.3734/logicflows/icon.png","dataSources":["GetGroupMembers"],"dependencies":["13fed09e-e766-45b6-9fea-71ebeca146f6"],"dependents":[],"parameterHints":{"workflowName":{"value":"dc62aead-e0c3-49dd-9149-7d99d0d8d324"},"workflowEntityId":{},"workflowDisplayName":{"value":"Get Group Members"},"13fed09e-e766-45b6-9fea-71ebeca146f6":{"value":"shared_sharepointonline"}},"parameterHintsV2":{"workflowName":{"value":"dc62aead-e0c3-49dd-9149-7d99d0d8d324"},"workflowEntityId":{},"workflowDisplayName":{"value":"Get Group Members"},"shared_sharepointonline":{"value":"13fed09e-e766-45b6-9fea-71ebeca146f6"}},"isOnPremiseConnection":false,"bypassConsent":false,"dataSets":{},"apiTier":"Standard","actions":["Run"]},"ef69eff4-22bc-4259-8246-5a6b093b0501":{"id":"/providers/microsoft.powerapps/apis/shared_office365users","displayName":"Office 365 Users","iconUri":"https://connectoricons-prod.azureedge.net/releases/v1.0.1677/1.0.1677.3637/office365users/icon.png","dataSources":["Office365Users"],"dependencies":[],"dependents":[],"parameterHints":{},"parameterHintsV2":{},"isOnPremiseConnection":false,"bypassConsent":false,"dataSets":{},"apiTier":"Standard","actions":["UserPhotoMetadata","UserPhoto_V2","SearchUser"]},"e68c33f5-ec93-4166-9095-7aa227d5f456":{"id":"/providers/microsoft.powerapps/apis/shared_logicflows","displayName":"Logic flows","iconUri":"https://connectoricons-prod.azureedge.net/u/patelronak/specialtrain-logicflows-2/1.0.1692.3734/logicflows/icon.png","dataSources":["AddGroupMembers"],"dependencies":["13fed09e-e766-45b6-9fea-71ebeca146f6"],"dependents":[],"parameterHints":{"workflowName":{"value":"9061e8f5-dbd6-4157-8e4d-15f990dae3ce"},"workflowEntityId":{},"workflowDisplayName":{"value":"AddGroupMembers"},"13fed09e-e766-45b6-9fea-71ebeca146f6":{"value":"shared_sharepointonline"}},"parameterHintsV2":{"workflowName":{"value":"9061e8f5-dbd6-4157-8e4d-15f990dae3ce"},"workflowEntityId":{},"workflowDisplayName":{"value":"AddGroupMembers"},"shared_sharepointonline":{"value":"13fed09e-e766-45b6-9fea-71ebeca146f6"}},"isOnPremiseConnection":false,"bypassConsent":false,"dataSets":{},"apiTier":"Standard","actions":["Run"]},"eeb0b9fc-38c3-4f87-817f-8b5b067de377":{"id":"/providers/microsoft.powerapps/apis/shared_logicflows","displayName":"Logic flows","iconUri":"https://connectoricons-prod.azureedge.net/u/patelronak/specialtrain-logicflows-2/1.0.1692.3734/logicflows/icon.png","dataSources":["DeleteMemberFromGroup"],"dependencies":["13fed09e-e766-45b6-9fea-71ebeca146f6"],"dependents":[],"parameterHints":{"workflowName":{"value":"992bb4e6-e482-4564-b2d5-f2bfb8fc4040"},"workflowEntityId":{},"workflowDisplayName":{"value":"DeleteMemberFromGroup"},"13fed09e-e766-45b6-9fea-71ebeca146f6":{"value":"shared_sharepointonline"}},"parameterHintsV2":{"workflowName":{"value":"992bb4e6-e482-4564-b2d5-f2bfb8fc4040"},"workflowEntityId":{},"workflowDisplayName":{"value":"DeleteMemberFromGroup"},"shared_sharepointonline":{"value":"13fed09e-e766-45b6-9fea-71ebeca146f6"}},"isOnPremiseConnection":false,"bypassConsent":false,"dataSets":{},"apiTier":"Standard","actions":["Run"]}}</ConnectionReferences>
      <DatabaseReferences>{}</DatabaseReferences>
      <AppComponents>[]</AppComponents>
      <AppComponentDependencies>[]</AppComponentDependencies>
      <CanConsumeAppPass>0</CanConsumeAppPass>
      <CanvasAppType>0</CanvasAppType>
      <BypassConsent>0</BypassConsent>
      <AdminControlBypassConsent>0</AdminControlBypassConsent>
      <EmbeddedApp xsi:nil="true"></EmbeddedApp>
      <IntroducedVersion>1.0</IntroducedVersion>
      <CdsDependencies>{"cdsdependencies":[]}</CdsDependencies>
      <IsCustomizable>1</IsCustomizable>
      <BackgroundImageUri>/CanvasApps/crff0_sharepointgroupsmanagement_173a4_BackgroundImageUri</BackgroundImageUri>
      <DocumentUri>/CanvasApps/crff0_sharepointgroupsmanagement_173a4_DocumentUri.msapp</DocumentUri>
      <AdditionalUris>
        <AdditionalUri>/CanvasApps/crff0_sharepointgroupsmanagement_173a4_AdditionalUris0_identity.json</AdditionalUri>
      </AdditionalUris>
    </CanvasApp>
  </CanvasApps>
  <connectionreferences>
    <connectionreference connectionreferencelogicalname="crff0_sharedsharepointonline_7b489">
      <connectionreferencedisplayname>SharePoint Jan2024Solutions-7b489</connectionreferencedisplayname>
      <connectorid>/providers/Microsoft.PowerApps/apis/shared_sharepointonline</connectorid>
      <iscustomizable>1</iscustomizable>
      <statecode>0</statecode>
      <statuscode>1</statuscode>
    </connectionreference>
  </connectionreferences>
  <Languages>
    <Language>1033</Language>
  </Languages>
</ImportExportXml>